id,name,link,ingredients,allergensraw,allergensmapped
1,Chilli and Coriander King Prawns,https://world.openfoodfacts.org/product/01804225,"King Prawn (86%) (King Prawn (Penaeus vannamei) (Crustacean), Salt), Chilli and Coriander Marinade (14%) (Vegetable Oil (Rapeseed Oil and/or Sunflower Oil), Water, Coriander, Red Bell Pepper, Red Chilli, Ginger, Lime Juice, Lemon Grass, Shallot, Cassava Starch, Salt, potato starch, garlic)",Crustaceans,shellfish
2,Red Bull Energy Drink,https://world.openfoodfacts.org/product/90162602,"Carbonated Water, Sugar, Glucose, Citric Acid, Taurine, Natural flavors, Artificial Flavors, Sodium Bicarbonate, Magnesium Carbonate, Artificial Colors, Caffeine, Niacinamide, Pyridoxine Hci, Calcium Pantothenate, Vitamin B12.",,
3,Tomato Ketchup BIO,https://world.openfoodfacts.org/product/8715700407760,"tomatoes (180 g per 100 g of ketchup), sugar, vinegar, salt, spices (contain celery), onion powder, garlic powder,",Celery,
4,PROPERCHIPS Sea Salt Lentil Chips,https://world.openfoodfacts.org/product/5060283762199,"Lentil flour (30%), potato starch, vegetable oils (sunflower, rapeseed), corn flour, salt.",,wheat
5,Weetabix produit à base de blé complet 100%,https://world.openfoodfacts.org/product/5010029000023,"Whole wheat (95%), malted barley extract, sugar, salt, niacin, iron, riboflavin (b2), thiamin (b1), folic acid.",Gluten,wheat
6,Custard powder,https://world.openfoodfacts.org/product/5000354908248,"maize starch, salt, flavouring, colour (annatto),",,
7,Heinz Baked Beans,https://world.openfoodfacts.org/product/5000157024886,"Beans (51%), Tomatoes (34%), Water, Sugar, spirit Vinegar, Modified Cornflour, Salt, Spice extracts, Herb Extract",,
8,Classic Yellow Mustard,https://world.openfoodfacts.org/product/0041500763675,"SPIRIT VINEGAR, WATER, MUSTARD SEED, SALT, TURMERIC, PAPRIKA, SPICE, FLAVOURING, GARLIC POWDER.",Mustard,
9,Wild Pacific Sardines in Extra Virgin Olive Oil Lightly Smoked,https://world.openfoodfacts.org/product/0829696000800,"Sardines (sardinops sagax or sardinops melanostictus), organic extra virgin olive oil, water, sea salt, aqueous natural smoke.",Fish,fish
10,"Lea & Perrins, The Original Worcestershire Sauce, Unwrap The Flavor",https://world.openfoodfacts.org/product/0051600000013,"Distilled white vinegar, molasses, sugar, water, salt, onions, anchovies, garlic, cloves, tamarind extract, natural flavorings, chili pepper extract.",Fish,fish
11,Almond No Sugars,https://world.openfoodfacts.org/product/4061459332896,"Water, Almond (2.3%), Minerals (Calcium Citrate), Sea Salt, Stabiliser: Gellan Gum, Vitamins (Riboflavin, Vitamin B12, Vitamin D, Vitamin E).",Nuts,tree nut
12,nut granola blueberry cinnamon sweet & crunchy,https://world.openfoodfacts.org/product/0819562022791,"sunflower seeds, pumpkin seeds, coconut, almonds, pecans, erythritol, butter (pasteurized cream, natural flavor), dried blueberries, cinnamon, salt, monk fruit extract","Milk, Nuts","milk, tree nut"
13,Oregano Crostini Italian Bread Bites,https://world.openfoodfacts.org/product/5060198640643,"flour, olive oil, salt, yeast, oregano, malted what flour",,wheat
14,Sablé Nature sans sucres,https://world.openfoodfacts.org/product/3175681134904,"wheat flour 58.5%, sweetener: maltitols of vegetable origin, rapeseed oil, wheat starch, wheat fiber, natural flavour, sea salt, emulsifiers: rapeseed lecithins, baking powder: ammonium carbonates,",Gluten,wheat
15,"Wild sardines, oil, smoked",https://world.openfoodfacts.org/product/0048000007063,"Smoked sardines , soybean oil, water, salt, smoke flavor","Fish, Soybeans","fish, soy"
16,Fanta Orange,https://world.openfoodfacts.org/product/5449000004840,"Agua carbonatada, 8% zumo de naranja a partir de concentrado. azúcar. acidulantes: ácido cítrico y ácido málico, estabilizantes: E-414. E-444 y E.445. edulcorantes: E-950. aspartamo y E-959. conservador E-202, corrector de acidez: citratos de sodio, aromas naturales de naranja y otros aromas naturales, antioxidante ácido ascórbico y colorante carotenos. Contiene una fuente de fenilalanina.",,
17,Chosen classic Mayo,https://world.openfoodfacts.org/product/0815074020003,"AVOCADO OIL, FILTERED WATER, EGG YOLKS, ORGANIC WHOLE EGGS, ORGANIC DISTILLED WHITE VINEGAR, ORGANIC MUSTARD (ORGANIC DISTILLED VINEGAR, WATER, ORGANIC MUSTARD SEED, SALT, ORGANIC SPICES), SALT, ORGANIC ROSEMARY EXTRACT (FOR FRESHNESS), EGG.","Eggs, Mustard",egg
18,Baked Beans in a Rich Tomato Sauce,https://world.openfoodfacts.org/product/4088600072517,"haricot beans 50%, tomato 35%, water, sugar, modified maize starch, salt, onion powder, ground paprika, flavourings, paprika extract,",,
19,Kimchi,https://world.openfoodfacts.org/product/0810075553161,"NAPA CABBAGE, RADISH, RICE PASTE WATER, RICE POWDER), KELP BASE SAUCE(KELP EXTRACT, SORBITOL), RED PEPPER POWDER, GARLIC, FERMENTED ANCHOVY SAUCE (ANCHOW, SALT), SALT, KOREAN LEEK, ONION, CHIVES, FERMENTED SHRIMP SAUCE(SHRIMP, SALT, LACTIC ACID BACTERIA, GINGER CONTAINS FISH(ANCHOVY), SHRIMP","Crustaceans, Fish","fish, shellfish"
20,Goldfish Baked Snack Crackers Cheddar,https://world.openfoodfacts.org/product/0014100075233,"ENRICHED WHEAT FLOUR (FLOUR, NIACIN, REDUCED IRON, THIAMINE MONONITRATE, RIBOFLAVIN, FOLIC ACID), CHEDDAR CHEESE ([CULTURED MILK, SALT, ENZYMES), ANNATTO), VEGETABLE OILS (CANOLA, SUNFLOWER AND/OR SOYBEAN), SALT, CONTAINS 2% OR LESS OF: YEAST, SUGAR, AUTOLYZED YEAST EXTRACT, PAPRIKA, SPICES, CELERY, ONION POWDER, MONOCALCIUM PHOSPHATE, BAKING SODA.","Celery, Gluten, Milk, Soybeans","milk, soy, wheat"
21,Baked Beans In Tomato Sauce,https://world.openfoodfacts.org/product/5018374350930,"Haricot Beans (49%), Water, Tomato Purée (20%), Sugar, Modified Maize Starch, Salt, Onion Powder, Colour (Paprika Extract), Maltodextrin, Spice Extracts.",,
22,Easy Bake Yeast,https://world.openfoodfacts.org/product/5010067373417,"water, mango juice from concentrate, passion fruit juice from concentrate, lime juice, natural flavourings including passion fruit and mango, stabiliser: pectin, citric acid, sweetener: steviol glycosides from stevia",,
23,Coca Cola Original taste,https://world.openfoodfacts.org/product/5449000000439,"carbonated water, sugar, colour (caramel e150), acid (phosphoric acid), natural flavourings (including caffeine)",,
24,Ambrosia Rice pudding,https://world.openfoodfacts.org/product/5000354800931,"full cream milk , skimmed milk , whey , rice 9%, sugar",Milk,milk
25,Chickpeas In Water,https://world.openfoodfacts.org/product/5051399182506,"chickpeas, water, antioxidant (ascorbic acid).",,
26,Onken,https://world.openfoodfacts.org/product/7610900299072,"Yogurt (MILK), Vitamin D. Contains live cultures: Lactobacillus Bulgaricus, Streptococcus Thermophilus, and Bifidobacterium.",Milk,milk
27,Mi Goreng,https://world.openfoodfacts.org/product/8850987131707,"noodles: soft wheat flour 64,11%, palm oil, anti-oxidant e320, e321), modified tapioca starch, salt, sugar, thickener (e466), acidity regulator (e500, e501) seasonings: sugar, spices, salt, soy sauce powder, flavour enhancers (e621, e635), oyster aroma (flavour, fish, shrimp), colouring (e150a), anti-aggregator (e551), shallot aroma, seasoning oil: sweet soy sauce (corn glucose syrup, soy sauce, molasses, caramel color, vinegar), shallot oil, garlic oil, garlic flavour, topping: dried vegetables pepper bag: chilli powder","Crustaceans, Fish, Gluten, Soybeans","fish, shellfish, soy, wheat"
28,Light Rye Crispbread,https://world.openfoodfacts.org/product/0033617322616,"WHOLE GRAIN RYE FLOUR, SALT.","Gluten, Milk, Sesame Seeds","milk, sesame, wheat"
29,CREAMY PEANUT BUTTER,https://world.openfoodfacts.org/product/0037600223324,"ROASTED PEANUTS SUGAR, HYDROGENATED VEGETABLE OIL (COTTONSEED, SOYBEAN AND RAPESEED OIL) TO PREVENT SEPARATION, SALT.","Peanuts, Soybeans","peanut, soy"
30,Sardine Fillets in 100% Olive Oil,https://world.openfoodfacts.org/product/0070303022160,"Sardines (Fish), Olive Oil, Salt",Fish,fish
31,Flourless Sprouted Grain Bread,https://world.openfoodfacts.org/product/0073472001202,"organic sprouted wheat, filtered water, organic sprouted barley, organic sprouted millet, organic malted barley, organic sprouted lentils, organic sprouted soybeans, organic sprouted spelt, fresh yeast,organic wheat gluten, sea salt,","Gluten, Soybeans","soy, wheat"
32,Chocolate Sea Salt RXBAR,https://world.openfoodfacts.org/product/0857777004232,"Dates, Egg Whites, Cashews, Almonds, Chocolate, Cocoa, Natural Flavors, Sea Salt","Eggs, Nuts","egg, tree nut"
33,Bolachas Recheadas Framboesa,https://world.openfoodfacts.org/product/20005559,"sugar, glucose fructose syrup, wheat flour, chocolate liquor, eggs, palm oil, cocoa butter, concentrated raspberry juice, sorbitol, pectin, citric acid, leavening (sodium acid pyrophosphate, baking soda), emulsifier blend (soy lecithin, sunflower lecithin, mono - and diglycerides of fatty acids), whey protein concentrate, natural raspberry flavor, natural flavors, salt, wheat starch,","Eggs, Gluten, Milk, Soybeans","egg, milk, soy, wheat"
34,Low Sugar Maple & Pecan Granola imp,https://world.openfoodfacts.org/product/5060043224585,"Wholegrain Oat Flakes (67%), Rapeseed Oil, Nuts (8%) [Pecan Nut Pieces, Walnut Pieces, Almond Pieces], Seeds (6%) [Sunflower, Pumpkin], Desiccated Coconut, Maple Syrup (2%), Chicory Fibre, Natural Flavouring, Sea Salt, Fructose.",Nuts,tree nut
35,Organic Roasted Seaweed Snack,https://world.openfoodfacts.org/product/0096619332748,"Organic Seaweed, Organic Sunflower Oil, Organic Sesame Oil, Sea Salt, Organic Rosemary Extract",Sesame Seeds,sesame
36,Moutarde de Dijon,https://world.openfoodfacts.org/product/3270190136880,"water, organic mustard seeds 30%, organic alcohol vinegar, salt,",Mustard,
37,Protein Bars,https://world.openfoodfacts.org/product/0193908007292,"Dates, Egg Whites, Cashews, Almonds,, Chocolate, Cocoa, Natural Flavors, Sea Salt, Dates, Egg Whites, Almonds, Cashews,, Blueberries, Natural Flavors.","Eggs, Nuts","egg, tree nut"
38,Toblerone Dark Chocolate with Honey & Almond Nougat,https://world.openfoodfacts.org/product/7614500010617,"cocoa mass, sugar, milk fat, honey (3,0 %), almonds (1,6%), cocoa butter, emulsifier (soya lecithin), egg white, chocolate contains: cocoa solids: 50% minimum,","Eggs, Milk, Nuts, Soybeans","egg, milk, soy, tree nut"
39,Olive oil,https://world.openfoodfacts.org/product/5000442007594,"Extra Virgin Olive Oil (51%) Water, Alcohol, Emulsifier: Sunflower Lecithin Flavouring, Thickener: Xanthan Gum",,
40,Sardines in Water,https://world.openfoodfacts.org/product/0048000007070,"SARDINES (SPRATTUS SPRATTUS, CLUPEA HARENGUS), WATER, SALT.","Eggs, Fish","egg, fish"
41,Marinara,https://world.openfoodfacts.org/product/0747479000413,"Italian Whole Peeled Tomatoes, Olive Oil, Onions, Salt, Garlic, Basil, Black Pepper, Oregano.",,
42,6 Soft White Rolls Sliced,https://world.openfoodfacts.org/product/5010044002316,"wheat flour [with calcium, iron, niacin (b3) and thiamin (b1)], water, vegetable oil (rapeseed, sustainable palm), yeast, salt, sugar, emulsifiers: e472e, e471, e481, soya flour, gelling agent: e466, preservative: calcium propionate, flour treatment agents: ascorbic acid (vitamin c), e920 (vegetarian)","Gluten, Soybeans","soy, wheat"
43,Salted Mixed Nuts,https://world.openfoodfacts.org/product/0096619885725,"cashews, almonds, pecans, brazil nuts, macadamia nuts, peanut oil , sea salt.","Nuts, Peanuts","peanut, tree nut"
44,Lancashire oven bottom muffins,https://world.openfoodfacts.org/product/5023528000036,"wheat flour (with calcium carbonate, iron, thiamin (b1), niacin (b3)), water, yeast, sugar, salt, vinegar, rapeseed oil, soya flour, palm oil, emulsifier (sodium stearoyl-2-lactylate), preservative (calcium propionate), flour treatment agent: ascorbic acid (vitamin c)","Gluten, Soybeans","soy, wheat"
45,Classic Mayo,https://world.openfoodfacts.org/product/0815074022809,"AVOCADO OIL, FILTERED WATER, EGG YOLKS, WHOLE EGGS, DISTILLED VINEGAR, MUSTARD (WATER, MUSTARD SEEDS, DISTILLED VINEGAR, SALT), SALT, ROSEMARY EXTRACT","Eggs, Mustard",egg
46,Nutella,https://world.openfoodfacts.org/product/3017620422003,"sugar, palm oil, hazelnuts 13%, low-fat cocoa 7.4%, skimmed milk powder 6.6%, whey powder, emulsifiers: lecithins [soya], vanillin, gluten-free,","Milk, Nuts, Soybeans","milk, soy, tree nut, wheat"
47,Ginger Crystallized In Dark Chocolate,https://world.openfoodfacts.org/product/0716270001660,"dark chocolate (cocoa liquor , sugar, cocoa butter , soy lecithin, vanilla), crystallized ginger (ginger, sugar)",Soybeans,"milk, soy"
48,Tremoços,https://world.openfoodfacts.org/product/5601378850300,"Lupin beans, water, salt and acidity regulator: citric acid.",Lupin,
49,Power Cakes Flapjack & Waffle Mix Buttermilk,https://world.openfoodfacts.org/product/0705599011610,"Whole grain wheat flour, Whole grain oat flour, wheat protein isolate, whey protein concentrate, brown sugar, milk protein concentrate, buttermilk powder, leavening (monocalcium phosphate, baking soda), sea salt. Contains milk and wheat. Due to processing on shared equipment, may also contain trace amounts of egg, soy, and tree nuts.","Gluten, Milk, Nuts","egg, milk, soy, tree nut, wheat"
50,belvoir farm elderflower cordial,https://world.openfoodfacts.org/product/5022019010202,"Sugar, water, elderflowers, pressed lemon juice, citric acid",,
51,Prince Goût Chocolat,https://world.openfoodfacts.org/product/7622210449283,"WHEAT flour 35%, whole WHEAT flour 15.7%, sugar, vegetable oils (palm, rapeseed), low-fat cocoa powder 4.5%, glucose syrup, WHEAT starch, raising agents (ammonium bicarbonate, sodium bicarbonate, disodium diphosphate), emulsifiers (SOY lecithin, sunflower lecithin), salt, skimmed MILK powder, lactose and MILK proteins, flavors, MAY CONTAIN EGG.","Eggs, Gluten, Milk, Soybeans","egg, milk, soy, wheat"
52,Sourdough White Ciabattin,https://world.openfoodfacts.org/product/5025125000006,"Wheat Flour (Fortified with Calcium Carbonate, Iron, Niacin, Thiamin), Water, Salt, Fermented Wheat Flour.",Gluten,wheat
53,Fine cut Oxford marmalade,https://world.openfoodfacts.org/product/5035660138782,"Glucose-Fructose Syrup, Seville Oranges, Sugar, Acid: Citric Acid, Acidity Regulator: Sodium Citrates, Gelling Agent: Pectin, Orange Oil.",,
54,Breakfast sandwich biscuits hazelnut - cocoa,https://world.openfoodfacts.org/product/0819019020271,"Whole Grain Flour, lupine, barley, cane sugar, sustainable palm oil, hazelnut paste, cocoa butter, cocoa powder, agave inulin, flaxseed flour, almonds, baking soda, sea salt, natural flavorings, sunflower lecithin","Gluten, Lupin, Nuts","milk, tree nut, wheat"
55,Old English Medium Sliced White Bread,https://world.openfoodfacts.org/product/5010044006529,"Wheat Flour [with Calcium, Iron, Niacin (B3) and Thiamin (B1)], Water, Yeast, Liquid Concentrated Sponge Extract (Water, Wheat Flour, Yeast), Vegetable Oil (Rapeseed, Sustainable Palm), Salt, Fermented Wheat Flour, Soya Flour, Flour Treatment Agent: Ascorbic Acid (Vitamin C).","Gluten, Soybeans","soy, wheat"
56,Tortilla chips,https://world.openfoodfacts.org/product/00414234,Maize Flour Vegetable Oil (Sunflower/Rapeseed),,wheat
57,Chick Peas in Salted Water,https://world.openfoodfacts.org/product/5013635312160,"Chick Peas (60%), Water, Salt.",,
58,Organic Sea Salt Tortilla Chips,https://world.openfoodfacts.org/product/0815099021634,"organic whole ground corn, organic sunflower oil and/or organic safflower oil, sea salt,",,
59,Premium Soy Sauce,https://world.openfoodfacts.org/product/0078895126396,"Water, Soybeans 17.5%, Salt, Sugar, Wheat Flour.","Gluten, Soybeans","soy, wheat"
60,PEANUT BUTTER SPREAD,https://world.openfoodfacts.org/product/0051500243213,"PEANUTS, SUGAR, PALM OIL, SALT, MOLASSES","Gluten, Nuts, Peanuts","peanut, tree nut, wheat"
61,Organic Bread 21 Whole Grains and Seeds,https://world.openfoodfacts.org/product/0013764027053,"organic whole wheat (organic whole wheat flour, organic cracked whole wheat), water, organic cane sugar, organic whole grains and seeds mix (organic whole flax seeds, organic sunflower seeds, organic tri-color quinoa (organic black quinoa, organic red quinoa, organic white quinoa), organic ground whole flax seeds, organic triticale, organic pumpkin seeds, organic rolled barley, organic rolled oats, organic rolled rye, organic blue cornmeal, organic millet, organic yellow cornmeal, organic kamut khorasan wheat, organic sorghum flour, organic buckwheat flour, organic quinoa, organic poppy seeds), organic wheat gluten, organic oat fiber, yeast, organic molasses, sea salt, organic cultured wheat flour, organic vinegar, organic acerola cherry powder, enzymes",Gluten,wheat
62,Grahams,https://world.openfoodfacts.org/product/0044000004637,"UNBLEACHED ENRICHED FLOUR (WHEAT FLOUR, NIACIN, REDUCED IRON, THIAMINE MONONITRATE (VITAMIN B1), RIBOFLAVIN (VITAMIN B2), FOLIC ACID), GRAHAM FLOUR (WHOLE GRAIN WHEAT FLOUR), SUGAR, SOYBEAN AND/OR CANOLA OIL, HONEY, LEAVENING (BAKING SODA, CALCIUM PHOSPHATE), SALT, SOY LECITHIN, ARTIFICIAL FLAVOR, WHEAT, SOY.","Gluten, Soybeans","soy, wheat"
63,Barbecue Sauce,https://world.openfoodfacts.org/product/0013409918104,"Sugars (glucose-fructose, con - centrated pineapple juice, refiners' molasses, sugar), Tomato paste, Vinegar, Water, Modified corn starch, Salt, Natural smoke flavour, Spices, Caramel colour, Sodium benzoate (preservative), Dried garlic, Mustard flour, Tamarind, Natural flavour, Celery seed. Contains: Mustard.","Celery, Mustard",wheat
64,Solid White Tuna Albacore,https://world.openfoodfacts.org/product/08660533,"WHITE TUNA, WATER, VEGETABLE BROTH, SEA SALT.","Fish, Soybeans","fish, soy"
65,Organic Tortilla Chips,https://world.openfoodfacts.org/product/0096619656493,"Organic corn, organic vegetable oil (organic sunflower and/or organic canola oil), sea salt.",,
66,Kinder Bueno,https://world.openfoodfacts.org/product/8000500037560,"milk chocolate 31,5 % (sugar, cocoa butter, cocoa mass, skimmed milk powder, concentrated butter, emulsifiers: lecithins [soya], vanillin), sugar, palm oil, wheat flour, ground hazelnuts 10,8%, skimmed milk powder, milk powder, dark chocolate (sugar, cocoa mass, cocoa butter, emulsifiers: lecithins [soya], vanillin), lean cocoa, emulsifiers: lecithins [soya], raising agents (sodium acid carbonate, ammonium acid carbonate), salt, vanillin,","Gluten, Milk, Nuts, Soybeans","milk, soy, tree nut, wheat"
67,Bournville Dark Chocolate bar,https://world.openfoodfacts.org/product/7622210249661,"sugar, cocoa butter, cocoa mass, palm oil, emulsifiers (soya lecithin, e476),skimmed milk powder","Milk, Soybeans","milk, soy"
68,Jaffa Cakes,https://world.openfoodfacts.org/product/20005573,"sugar, glucose-fructose syrup, 15% orange juice from concentratetd orange juice, wheat flour, cocoa mass, 6% liquid whole egg, palm oil, cocoa butter, stabilisier: sorbitols, gelling agent: pectins, acid: citric acid, raising agents: sodium carbonates, diphosphates, whey powder (milk), emulsifiers: lecithins, mono - and diglycerides of fatty acids, natural orange flavouring, natural vanilla flavouring with other natural flavourings, salt, wheat starch,","Eggs, Gluten, Milk, Soybeans","egg, milk, soy, wheat"
69,Le Beurre Tendre Doux,https://world.openfoodfacts.org/product/3451790988677,"cream (origin france), milk fat , lactic ferments,",Milk,milk
70,SWEET & SALTY POPCORN,https://world.openfoodfacts.org/product/5060283760669,"Wholegrain corn (63%), rapeseed oil, demerara sugar, glazing agent (isomalt), sea salt.",,
71,Creamy Peanut Butter,https://world.openfoodfacts.org/product/0051500720011,"roasted peanuts, sugar, molasses, fully hydrogenated vegetable oils (rapeseed and soybean), mono and diglycerides, salt","Peanuts, Soybeans","peanut, soy"
72,Dark Chocolate,https://world.openfoodfacts.org/product/20005832,"sugar, cocoa mass, cocoa butter, emulsifier (sunflower lecithins), vanilla extract",Soybeans,"milk, soy"
73,Baked Beans,https://world.openfoodfacts.org/product/5000232902450,"Beans (51%), Tomatoes (38%), Water, Sugar, Modified Maize Starch, Reduced Sodium Sea Salt, Spirit Vinegar, Salt, Paprika, White Pepper, Spices, Flavourings.",,
74,Vitalite Dairy Free Spread,https://world.openfoodfacts.org/product/5000373704289,"vegetable oils (sunflower (21%), rapeseed, palm), water, salt, emulsifiers (e471), sunflower lecithin, preservative (potassium sorbate), acid (lactic acid), vitamins (niacin, b6, b2, folic acid, b12), flavourings, colours (annatto, curcumin)",,
75,4 Fruity Teacakes,https://world.openfoodfacts.org/product/5010044001012,"Wheat Flour [with Calcium, Iron, Niacin (B3) and Thiamin (B1)], Water, Dried Fruit Blend in varying proportions (13%) (Currants, Sultanas, Raisins), Sugar, Yeast, Vegetable Oil (Rapeseed, Sustainable Palm, Sunflower), Salt, Gelling Agent: E466, Emulsifiers: E471, E481, E472e, Soya Flour, Preservative: Calcium Propionate, Flour Treatment Agents: Ascorbic Acid (Vitamin C), E920 (Vegetarian)","Gluten, Soybeans","soy, wheat"
76,Original Taste,https://world.openfoodfacts.org/product/5449000054227,"Water, fructose - glucose syrup, carbon dioxide, colorant: e150d, acid: phosphoric acid, natural flavorings (including caffeine).",,
77,Peanut Butter,https://world.openfoodfacts.org/product/0051500255162,"MADE FROM ROASTED PEANUTS AND SUGAR, CONTAINS 2% OR LESS OF: MOLASSES, FULLY HYDROGENATED VEGETABLE OILS (RAPESEED AND SOYBEAN), MONO AND DIGLYCERIDES, SALT.","Peanuts, Soybeans","peanut, soy"
78,Keto cookies,https://world.openfoodfacts.org/product/0787692523030,"grain free flour blend (lupin flour, almond flour), pea protein, almond butter (roasted almonds), organic erythritol, coconut oil, palm fruit oil, chicory root fiber, desiccated coconut, sunflower lecithin, vegetable glycerine, natural flavor, xanthan gum, baking soda, gum acacia, stevoside (stevia extract), mixed tocopherols, allergens: contains lupin, almond and coconut,","Lupin, Nuts","milk, tree nut, wheat"
79,"Love, Corn (Sea Salt)",https://world.openfoodfacts.org/product/5060490400242,"Corn, sunflower oil, sea salt",,
80,wholemeal sourdough bread,https://world.openfoodfacts.org/product/00363167,"wholemeal british wheat flour, water, rapseed oil, sea salt, wheat gluten, extra virgin olive oil 1%, soya flour, fermented wheat flour, fortified wheat flour (wheat flour, calcium carbonate, iron, niacin, thiamin), wheat flour, flour treatment agent:ascorbic acid.","Gluten, Soybeans","soy, wheat"
81,Honey Nut Cheerios,https://world.openfoodfacts.org/product/0016000124790,"Whole Grain Oats, Sugar, Corn Starch, Honey, Brown Sugar Syrup, Salt, Tripotassium Phosphate, Canola Oil, Natural Almond Flavor, Vitamin E, Calcium Carbonate, Vitamin C, sodium ascorbate, Iron, Zinc, mineral nutrients, niacinamide, Vitamin B6, pyridoxine hydrochloride, Vitamin B1, thiamin mononitrate, Vitamin A, palmitate, Vitamin B2, riboflavin, folic acid, Vitamin B13, Vitamin D3",Nuts,tree nut
82,Pains au lait x10,https://world.openfoodfacts.org/product/3256540000698,"wheat flour 43%, sourdough 21%, wheat flour 11%, water, salt, fresh eggs 11%, sugar, pastry butter, rapeseed oil, yeast, skimmed milk powder equivalent to 10% reconstituted skimmed milk, emulsifier: mono and diglycerides of fatty acids, salt, wheat protein, wheat gluten, carrot extract, flavourings, antioxidant: ascorbic acid, milk protein","Eggs, Gluten, Milk","egg, milk, wheat"
83,Organic Protein Protein Powder,https://world.openfoodfacts.org/product/0851770007566,"ORGAIN ORGANIC PROTEIN BLEND (PEA PROTEIN, BROWN RICE PROTEIN, CHIA SEED), ORGAIN ORGANIC CREAMER BASE ACACA HIGH OLEIC SUNFLOWER OIL, RICE DEXTRIN, SUNFLOWER LECITHIN, ROSEMARY EXTRACT), ERYTHRITOL, NATURAL FLAVORS, ACACIA ORCAIN ORGANIC 50 SUPERFOODS BLEND MILLET, AMARANTH, BUCKWHEAT, QUINOA CHIA, KALE POWDER, APPLE PULP, CINNAMON, ORGANIC SPROUTS BLEND (AMARANTH SPROUT, QUINOA SPROUT, MILLET SPROUT, BUCKWHEAT SPROUT, GARBANZO BEAN SPROUT, LENTIL SPROUT, ADZUKI SPROUT FLAX SPROUT, SUNFLOWER SPROUT, PUMPKIN SPROUT, CHIA SPROUT, SESAME SPROUT), ORGANIC SUPER VEGGIES, SUPER BERRIES SUPER GRASSES AND SUPER FOODS BLEND (ACAI&quot,, CRANBERRY, WHEAT GRASS, BARLEY GRASS, OAT GRASS, BANANA, MANGO, BEET, CARROT, SPINACH, BROCCOL TOMATO, KALE, CABBAGE, PARSLEY LEAF, BRUSSELS SPROUT, GREEN BELL PEPPER, CUCUMBER, CELERY, GARLIC, GINGER ROOT, GREEN ONION CAULIFLOWER, ASPARAGUS, PINEAPPLE, TURMERIC, STRAWBERRY&quot,, TART CHERRY, BLACKBERRY, BLUEBERRY, RASPBERRY REBA STEVIA EXTRACT, SEA SALT, GUAR GUM, XANTHAN GUM, NATURAL FLAVOR, ORGANIC FOOD BASED VITAMIN C (AMLA FRUIT EXTRACT ORGANIC FOOD BASED VITAMIN BLEND (GUAVA, HOLY BASIL, LEMON EXTRACT), PROBIOTIC (BACILLUS COAGULANS)","Banana, Celery, Sesame Seeds","sesame, wheat"
84,Granola Almond & Super Berry,https://world.openfoodfacts.org/product/9326666610485,"Whole Grains (56%) [Oats, Wheat, Triticale (Wheat, Rye), Barley], Golden Syrup (Sugar, Water), Nuts [Almond (7%), Peanut (2.5%)], Sunflower Oil, Rice Crisps (4%), Dried Berries [Sweetened Cranberry (3%), Blueberry (0.5%)], Psyllium Husk, Natural Flavours, Tapioca Starch, Salt, Antioxidant (Vitamin E). CONTAINS: WHEAT, GLUTEN, ALMOND, PEANUT. MAY CONTAIN: CASHEW, BRAZIL NUT, HAZELNUT, MACADAMIÁ, PECAN, PINE NUT, PISTACHIO, WALNUT, LUPIN, MILK, SESAME, SOY.","Gluten, Lupin, Milk, Nuts, Peanuts, Sesame Seeds","milk, peanut, sesame, soy, tree nut, wheat"
85,"Elegant collection a decadent 16 piece private reserve chocolate assortment, assortment",https://world.openfoodfacts.org/product/0077260062512,"Sugar, milk ingredients, corn syrup, cocoa butter, cocoa mass, brown sugar, palm kernel oil, water, almonds, hazelnuts, hydrogenated coconut oil, salt, soy lecithin, raspberries, coconut oil, honey, dried egg-white, coffee, flavour, artificial flavour, citric acid, lemon oil, tapioca flour, invertase, colour, baking soda, potassium sorbate, sodium benzoate.","Eggs, Milk, Nuts, Soybeans","egg, milk, soy, tree nut, wheat"
86,Chocolate Orange Milk,https://world.openfoodfacts.org/product/3664346304863,"Sugar, cocoa mass, cocoa butter, skimmed milk powder, whey powder (from milk), vegetable fats (palm, shea), milk fat, emulsifiers (soya lecithins, E476), orange oil, flavouring. May contain nuts, wheat. MILK SOLIDS 14 % MINIMUM. COCOA SOLIDS 25% MINIMUM. CONTAINS VEGETABLE FATS IN ADDITION TO COCOA BUTTER. B Rec INSERT","Milk, Soybeans","milk, soy, tree nut, wheat"
87,Bran Flakes,https://world.openfoodfacts.org/product/20621483,"80% Shredded Wholegrain Wheat, 16% Wheat Bran, Sugar, Barley Malt Extract, Salt, Honey.",Gluten,wheat
88,Steamed prawn dim sum,https://world.openfoodfacts.org/product/00709842,"Spread dim sum evenly in a steamer or basket lined with greaseproof paper, ensuring none are touching Place over boiling water, cover and steam Leave to stand for 1 min then serve immediately Do not reheat. STORAGE SUITABLE FOR FREEZING. For Use By, see front of pack. Keep refrigerated 0 C to +5 C. Freeze by date mark shown and use within 3 months. Once defrosted (in a refrigerator) eat within 24 hours. Defrost thoroughly before use. These dim sum are made with an authentic gelatinous rice pastry. Known as Har gow the pastry becomes translucent and sticky once cooked. nut allergy Tiger Prawns (Crustacean) (36%) Water Rice Flour Tapioca Flour Cornflour Courgette (2.5%) Water Chestnuts (2%) Chinese Chives Sugar Carrots Rehydrated Jelly Ear Mushrooms Salt Sesame Oil Ginger Garlic Yeast Extract (contains Barley) Shallots Onions Vegetable Oil (Sunflower/Rapeseed) Coriander Sweet Red Chillies Ground Green Peppercorns.","Crustaceans, Gluten","sesame, shellfish, tree nut, wheat"
89,Goldfish,https://world.openfoodfacts.org/product/0014100085478,"made with smiles and enriched wheat flour (flour, niacin, reduced iron, thiamine mononitrate, riboflavin, folic acid), cheddar cheese ([cultured milk, salt, enzymes], annatto), canola and/or sunflower oils, contains 2 percent or less of: salt, yeast, sugar, autolyzed yeast, baking soda, monocalcium phosphate, paprika, spices, celery, onion powder, contains: wheat, milk,","Celery, Gluten, Milk","milk, wheat"
90,5 rodzajów fasoli w sosie pomidorowym,https://world.openfoodfacts.org/product/5000157072023,"Mixed beans in variable proportions (52%, Haricot beans, Pinto beans, Cannellini beans, Borlotti beans, Red Kidney beans), Tomatoes (37%), Water, Sugar, Modified Cornflour, Spirit Vinegar, Salt, Spice Extracts, Herb Extract",,
91,Natural Creamy Peanut Butter,https://world.openfoodfacts.org/product/0051500017005,"PEANUTS, CONTAINS 1% OR LESS OF SALT.",Peanuts,peanut
92,Creme Egg,https://world.openfoodfacts.org/product/7622210344205,"sugar, milk , glucose syrup, cocoa butter, invert sugar syrup, whey powder ( milk ), cocoa mass, vegetable fats (palm, shea), emulsifier (e442), dried egg white, flavourings, colour (paprika extract),","Eggs, Milk","egg, milk"
93,perly,https://world.openfoodfacts.org/product/6111242100992,"milk cream, cream, sugar, banana, bacteria","Banana, Milk",milk
94,Marmite Yeast Extract,https://world.openfoodfacts.org/product/50184453,"yeast extract, barley, wheat, oats, rye, salt, vegetable juice concentrate, thiamin, riboflavin, niacin, vitamin B12, folic acid, natural flavouring, celery","Celery, Gluten",wheat
95,Tomato Ketchup,https://world.openfoodfacts.org/product/0013000006057,"TOMATO CONCENTRATE FROM RED RIPE TOMATOES, DISTILLED VINEGAR, HIGH FRUCTOSE CORN SYRUP, CORN SYRUP, SALT, SPICE, ONION POWDER, NATURAL FLAVORING",,
96,Chunk Light Tuna in Water,https://world.openfoodfacts.org/product/08067308,"LIGHT TUNA, WATER VEGETABLE BROTH, SALT. CONTAINS: FISH (TUNA)",Fish,fish
97,Lightly Breaded Chicken Breast Chunks,https://world.openfoodfacts.org/product/0077013615514,"BONELESS SKINLESS CHICKEN BREAS WATER, SEASONING (SUGAR, SALT, SPICES INCLUDING PAPRIKA AND CELERY, CHICKEN FAT, SPICE EXTRACTIVE, CANOLA OIL, SOYBEAN OIL), RICE STARCH. BREADED WITH: WHEAT FLOUR, SUGAR, SALT NONFAT DRY MILK. DRIED EGG WHITES, BAKING POWDER (SODIUM ACID PYROPHOSPHATE, SODIUM BICARBONATE, CORN STARCH, MONOCALCIUM PHOSPHATE), SPICE, PAPRIKA. BREADING SET IN VEGETABLE OIL. CONTAINS: MILK, EGGS, WHEAT.","Celery, Eggs, Gluten, Milk, Soybeans","egg, milk, soy, wheat"
98,Coca-Cola Original Taste,https://world.openfoodfacts.org/product/04963406,"carbonated water, high fructose corn syrup, caramel color, phosphoric acid, natural flavors, caffeine",,
99,Original Crackers,https://world.openfoodfacts.org/product/0897580000106,"brown rice, quinoa, flax seeds, sesame seeds, tamari (water, soybeans, salt, vinegar), sea salt.","Sesame Seeds, Soybeans","sesame, soy"
100,Shrimp Seafood Burgers,https://world.openfoodfacts.org/product/00577335,"shrimp, pollock, sunflower oil, rice flour, salt, garlic powder, spices. Contains pollock, shrimp.","Crustaceans, Fish","fish, shellfish, wheat"
101,organic GREEK YOGURT plain,https://world.openfoodfacts.org/product/0096619483556,"organic pasteurized grade a nonfat milk, live and active cultures (streptococcus thermophilus, lactobacillus bulgaricus, lactobacillus acidophilus, bifidus, lactobacillus casei).",Milk,milk
102,CHOCOLATE NUTRITION SHAKE,https://world.openfoodfacts.org/product/0811620022118,"Filtered lowfat grade A milk, alkalized cocoa, natural flavors, cellulose gel, cellulose gum, salt, carrageenan, lactase enzyme, monk fruit juice concentrate, acesulfame potassium, sucralose, stevia leaf extract, lactase enzyme, vitamin A palmitate, vitamin D3","Gluten, Milk","milk, wheat"
103,EZEKIEL 4:9 Sesame,https://world.openfoodfacts.org/product/0073472001233,"Organic Sprouted Wheat, Filtered Water, Organic Sprouted Barley, Organic Sprouted Millet, Organic Malted Barley, Organic Sprouted Lentils, Organic Sprouted Soybeans, Organic Sprouted Spelt, Yeast, Organic Wheat Gluten, Sea Salt, Organic Sesame Seeds.","Gluten, Sesame Seeds, Soybeans","sesame, soy, wheat"
104,Honey Wheat Bread,https://world.openfoodfacts.org/product/0072250037068,"UNBLEACHED ENRICHED FLOUR (WHEAT FLOUR, MALTED BARLEY FLOUR, NIACIN, REDUCED IRON, THIAMIN MONONITRATE, RIBOFLAVIN, FOLIC ACID), WATER, WHOLE WHEAT FLOUR, HONEY, WHEAT GLUTEN, SUGAR, WHEAT BRAN, YEAST, CULTURED WHEAT FLOUR, SALT, SOY - BEAN OIL, SOY FLOUR, CALCIUM SULFATE, MONOGLYCERIDES, ENZYMES, MONOCALCIUM PHOSPHATE, SOY LECITHIN, ASCORBIC ACID, NIACIN, REDUCED IRON, THIAMIN MONONITRATE (VITAMIN B1), RIBOFLAVIN, FOLIC ACID, CALCIUM CARBONATE.","Gluten, Soybeans","soy, wheat"
105,Stem ginger oat biscuits,https://world.openfoodfacts.org/product/0061232201047,"Wholegrain Oats (64%), Brown Sugar, Sustainable Palm Fruit Oil, Stem Ginger (6.3%) (Stem Ginger, Sugar), Dietary Fibre (Oligofructose), Ground Ginger, Partially Inverted Refiners Syrup, Barley Malt Syrup, Raising Agent: Sodium Carbonates, Sea Salt. May contain traces of milk.",Gluten,"milk, wheat"
106,Breaded Panko Shrimp,https://world.openfoodfacts.org/product/0096619283545,"Shrimp, wheat flour, soybean oil, contains 2% or less of each of the following: citric acid, dextrose, dried garlic, leavening (sodium acid pyrophosphate, sodium bicarbonate), methylcellulose, modified corn starch, dried onion, paprika extract, rice starch, salt, soy flour, sugar, tapioca starch, dried whey, xanthan gum, dried yeast, yellow corn flour.","Crustaceans, Gluten, Milk, Soybeans, Ble, Lait","milk, shellfish, soy, wheat"
107,Peanut Butter Crunch,https://world.openfoodfacts.org/product/0123456789012,"Unbleached enriched wheat flour [flour, barley malt, niacin (vitamin b3), iron, thiamin mononitrate (vitamin b1), riboflavin (vitamin b2), folic acid (vitamin b9)], water, sugar, yeast, wheat gluten, soybean oil, contains 2% or less of the following: salt, dough conditioners (mono - and diglycerides, sodium stearoyl lactylate, ethoxylated mono - and diglycerides, ascorbic acid), calcium propionate and sorbic acid (to retain freshness), yeast nutrients (calcium carbonate, calcium sulfate, monocalcium phosphate, ammonium sulfate), hydrogenated cottonseed oil, ground turmeric, soy lecithin.","Gluten, Soybeans","soy, wheat"
108,Creamy Peanut Butter,https://world.openfoodfacts.org/product/0034000400126,"Peanuts, Sugar, hydrogenated Vegetable Oil [rapeseed Oil, Cottonseed Oil, Soybean Oil], Salt, Peanut Oil, Monoglycerides, Molasses, Cornstarch.","Peanuts, Soybeans","peanut, soy"
109,Extra Virgin Olive Oil,https://world.openfoodfacts.org/product/00358262,ORGANIC EXTRA VIRGIN OLIVE OIL.,Fish,fish
110,Peter's Yard Original Sourdough Crackers,https://world.openfoodfacts.org/product/5060198820052,"Milk , rye flour, wheat flour, sourdough 11.5% ( rye flour, water), wholewheat flour, honey, salt, yeast.","Gluten, Milk, Gluten","milk, wheat"
111,Cioccolato al latte,https://world.openfoodfacts.org/product/3017760363396,"wheat flour, sugar, cocoa butter, cocoa mass, skimmed milk powder, vegetable fats (palm, coconut), glucose syrup, milk fat, whey powder (from milk), salt, emulsifier (soya lecithin), raising agent (e503), yeast, flavouring may contain nuts,","Gluten, Milk, Soybeans","milk, soy, tree nut, wheat"
112,Apple Cider Vinegar,https://world.openfoodfacts.org/product/0074305001321,"Certified Organic, Raw Apple Cider Vinegar and Purified Water",,
113,Saveur Barbecue,https://world.openfoodfacts.org/product/3245550078674,"SOYA flour (30%), tapioca starch, dehydrated potato (13%), sunflower oil, potato starch (5%), rice flour, lactose (MILK), sugar, onions, salt, natural flavouring (MILK), yeast extract, tomatoes, colour: paprika extract, acid: malic acid.","Celery, Milk, Soybeans","milk, soy, wheat"
114,Pepsi Max,https://world.openfoodfacts.org/product/3502110009357,"carbonated water,colour (caramel e150d),sweeteners (aspartame , acesulfame k),acidifiers (phosphoric acid, citric acid),acidity regulator (sodium citrate),flavourings (including plant extracts and caffeine), contains a source of phenylalanine,",,
115,Original Sandwich Spread,https://world.openfoodfacts.org/product/5000157076021,"spirit vinegar, sugar, cabbage (contains preservative - sulphites), rapeseed oil, water, carrots, gherkins (contain firming agent - calcium chloride), modified cornflour, salt, onions, egg yolks, red peppers, mustard, stabilisers - guar gum and xanthan gum, spice extracts, spices, herb extract (contains celery), flavourings, colour - riboflavin. vegetables 35%.","Celery, Eggs, Mustard, Sulphur Dioxide And Sulphites",egg
116,Hummus,https://world.openfoodfacts.org/product/0096619916245,"ORGANIC CHICKPEAS, WATER, ORGANIC SESAME TAHINI, ORGANIC SUNFLOWER OIL, ORGANIC LEMON JUICE, ORGANIC GARLIC, SEA SALT, ORGANIC CUMIN. TOPPING: ORGANIC SUNFLOWER OIL, ORGANIC PINE NUTS, WATER, ORGANIC RED PEPPER, ORGANIC MINCED GARLIC, ORGANIC CUMIN, ORGANIC PARSLEY, SEA SALT, CITRIC ACID, ORGANIC ONION. CONTAINS: Pine Nuts, Sesame.",Sesame Seeds,"sesame, tree nut"
117,Houmous,https://world.openfoodfacts.org/product/5000169090336,"Cooked chickpeas (48%) (water , chickpeas), water , sunflower oil, tahini (14%) (sesame seed paste), concentrated lemon juice, sea salt , garlic.",Sesame Seeds,sesame
118,Sriracha Hot Chilli Sauce,https://world.openfoodfacts.org/product/5020580016999,"pickled red chilli 64% [chili, salt, acidity regulator (acetic acid)), sugar, water, garlic, salt, thickener (modified starch, xanthan gum), acidity regulator (acetic acid, citric acid), flavour enhancer (yeast extract), preservative (potassium sorbate), colour (paprika oleoresin).",,
119,Fridge Pot Tuna Steak,https://world.openfoodfacts.org/product/50171255,"Tuna (93%), Spring Water, Salt.",Fish,fish
120,Peanut Butter Spread,https://world.openfoodfacts.org/product/0051500255650,"PEANUTS, SUGAR, PALM OIL, SALT, MOLASSES","Gluten, Nuts, Peanuts","peanut, tree nut, wheat"
121,Freshly Baked Chocolat Croissant,https://world.openfoodfacts.org/product/20048402,"WHEAT FLOUR, BUTTER, WATER, CHOCOLATE (SUGAR, COCOA MASS, COCOA BUTTER, NATURAL VANILLA FLAVOR, SOY LECITHIN), SUGAR, YEAST, WHOLE MILK POWDER, SALT, WHEAT GLUTEN, RAPESEED OIL LECITHIN, EGG WASH (EGGS, WATER), ASCORBIC ACID, ENZYMES.","Eggs, Gluten, Milk, Soybeans","egg, milk, soy, wheat"
122,Swiss style muesli,https://world.openfoodfacts.org/product/01771879,"Oat Flakes (40%), Malted Toasted Wheat Flakes (38%) ( Wheat , Barley Malt Extract), Sultanas (15%), Whey Powder (Cows' Milk ), Hazelnuts (2%), Almonds (1%).","Gluten, Milk, Nuts","milk, tree nut, wheat"
123,Ancient Grains Probiotic Granola,https://world.openfoodfacts.org/product/0096619194261,"Whole grain rolled oats , cane sugar , soy oil , khorasan wheat, rolled spelt , almonds, inulin rice starch , rolled quinoa , rolled amaranth , sea salt, molasses , cinnamon , vanilla flavor , Probiotics (Bacillus coagulans GBI-30 6086), tocopherols (vitamin E). ORGANIC Contains soy, almonds and wheat Produced in a facility that uses peanuts and other tree nuts.","Gluten, Nuts, Soybeans","peanut, soy, tree nut, wheat"
124,Oats 'N Honey Granola Bars,https://world.openfoodfacts.org/product/0016000264694,"Whole Grain Oats, Sugar, Canola Oil, Rice Flour, Honey, Salt, Brown Sugar Syrup, Baking Soda, Soy Lecithin, Natural Flavor. CONTAINS SOY, MAY CONTAIN PEANUT, ALMOND AND PECAN INGREDIENTS Ceneral Mille 20706651","Gluten, Soybeans","peanut, soy, tree nut, wheat"
125,Caprice des Dieux,https://world.openfoodfacts.org/product/3161711000622,"pasteurized cow's milk of france, salt, lactic ferments (milk),","Milk, Milk",milk
126,Panda Brand Oyster Sauce,https://world.openfoodfacts.org/product/0078895300017,"Water, Sugar, Salt, Modified Corn Starch, Flavour Enhancer (E621), Oyster Extractives (3%), Wheat Flour , Colour (E150c).","Gluten, Molluscs","shellfish, wheat"
127,Hazelnut Spread with Cocoa,https://world.openfoodfacts.org/product/0009800895007,"sugar, palm oil, hazelnuts, cocoa, skim milk, whey (milk), lecithin as emulsifier (soy), vanillin: an artificial flavor,","Milk, Nuts, Soybeans","milk, soy, tree nut"
128,Organic Protein Protein Powder,https://world.openfoodfacts.org/product/0851770008631,"ORGAIN ORGANIC PROTEIN BLENDT : PEA PROTEIN , BROWN RICE PROTEIN , CHIA SEED , ORGAIN ORGANIC CREAMER BASE : ACACIA HIGH OLEIC SUNFLOWER OIL , RICE DEXTRIN , SUNFLOWER LECITHIN , ROSEMARY EXTRACT), ERYTHRITOL, ACACIA, ALKALIZED COCOA ONNAMON, NATURAL FLAVOR ORGAIN ORGANIC 50 SUPERFOODS BLEND [MILLET, AMARANTH , BUCKWHEAT, QUINOA CHIA, KALE POWDER APPLE PULP, CINNAMON , ORGANIC SPROUTS BLEND (AMARANTH SPROUT , QUINOA SPROUT , MILLET SPROUT , BUCKWHEAT SPROUT , GARBANZO BEAN SPROUT , LENTILS SPROUT , ADZUKI SPROUT , FLAX SPROUT , SUNFLOWER SPROUT , PUMPKIN SPROUT , CHIA SPROUT , SESAME SPROUT ORGANIC SUPER VEGGIES SUPER BERRIES, SUPER GRASSES AND SUPER FOODS BLEND (ACAI , CRANBERRY , WHEAT GRASS, BARLEY GRASS, OAT GRASS, BANANA MANGO, BEET CARROT, SPINACH, BROCCOLI, TOMATO, KALE, CABBAGE, PARSLEY LEAF, BRUSSELS SPROUT, GREEN BELL PEPPER, CUCUMBER, CELERY, GARLIC, GINGER ROOT, GREEN ONION, CAULIFLOWER , ASPARAGUS , PINEAPPLE, TURMERIC, STRAWBERRY, TART CHERRY, BLACKBERRY, BLUEBERRY, RASPBERRY, REBAUDIOSIDE A (STEVIA EXTRACT), SEA SALT, GUAR GUM , NATURAL FLAVOR, XANTHAN GUM, ORGANIC FOOD BASED VITAMIN C (FRUIT EXTRACT), ORGANIC FOOD BASED B VITAMIN BLEND (GUAVA, HOLY BASIL, LEMON EXTRACT), PROBIOTIC (BACILLUS COACULANS)","Celery, Gluten, Sesame Seeds","sesame, wheat"
129,"Raspberry fruit spread, raspberry",https://world.openfoodfacts.org/product/20000691,"raspberries, sugar, glucose-fructose syrup, pectin, citric acid,",,
130,APPLE CIDER VINEGAR,https://world.openfoodfacts.org/product/0074305001161,"ORGANIC APPLE CIDER VINEGAR, WATER.",,
131,Dark Chocolate Nuts & Sea Salt,https://world.openfoodfacts.org/product/0602652176517,"Almonds, peanuts, chicory root fiber, honey, palm kernel oil, sugar, glucose syrup, rice flour, unsweetened chocolate, alkalized cocoa, sea salt, soy lecithin, natural flavor, cocoa butter","Nuts, Peanuts, Soybeans","milk, peanut, soy, tree nut, wheat"
132,Multi-Grain Crackers 6-Seed,https://world.openfoodfacts.org/product/0879890000694,"brown rice flour, sesame seeds, potato starch, safflower oil, flax seeds, rice fiber, tamari soy sauce (soybeans, salt), quinoa seeds, amaranth seeds, millet, sea salt, chia seeds,","Sesame Seeds, Soybeans","sesame, soy, wheat"
133,Classic Yellow Mustard,https://world.openfoodfacts.org/product/0041500000312,"DISTILLED VINEGAR, WATER, MUSTARD SEED, SALT, TURMERIC, PAPRIKA, SPICE, NATURAL FLAVOR, GARLIC POWDER, : #1 GRADE.",Mustard,
134,The Ultimate Fish Stick,https://world.openfoodfacts.org/product/0028029196443,"65% fish (alaska pollock), 35% batter & breading (whole wheat flour, vegetable oil (soybean and/or canola), enriched wheat flour (wheat flour, niacin, iron, thiamine mononitrated, riboflavin, folic acid), water, contains 2% or less of: whole grain yellow corn meal, ranch seasoning (maltodextrin, salt, dehydrated onion, dehydrated garlic, disodium inosinate, disodium guanylate, natrual flavor (maltodextrin), modified food starch, buttermilk, natural flavor), corn starch, salt, vital wheat gluten, rice starch, yeast, leavening (cream of tartar, baking soda), tapioca starch, enriched and unrefined malted barley flour (malted barley flour, niacin, iron, thiamine mononitrate, riboflavin, folic acid)).","Fish, Gluten, Milk, Soybeans","fish, milk, soy, wheat"
135,Original Beef Stick,https://world.openfoodfacts.org/product/0856584004183,"100% grass fed beef, water, sea salt, encapsulated lactic acid, cultured celery powder (celery powder, sea salt), black pepper, red pepper, granulated garlic, coriander, stuffed in beef collagen casings.",Celery,
136,Tesco Finest All Butter Croissant 4 Pack,https://world.openfoodfacts.org/product/5000436734345,"Wheat Flour (Wheat Flour, Calcium Carbonate, Iron, Niacin, Thiamin) Butter, Water, Sugar, Pasteurised Egg, Dried Skimmed Milk, Yeast, Salt, Inactive Wheat Sourdough, Acetoc Acid, Flour Treatment Agent (Ascorbic Acid), Lactic Acid.","Eggs, Gluten, Milk","egg, milk, wheat"
137,The Original Cracker,https://world.openfoodfacts.org/product/5000137487908,"Wheat flour, sunflower oil 22 %, sugar, glucose-fructose syrup, raising agents (calcium phosphates, ammonium carbonates, sodium carbonates, potassium carbonates), salt, barley malt flour. May contain egg, milk, sesame.",Gluten,"egg, milk, sesame, wheat"
138,Sea Salt & Balsamic Vinegar Crisps,https://world.openfoodfacts.org/product/5017764128128,"select potatoes, vegetable oils (rapeseed oil, sunflower oil), seasoning with sea salt and balsamic vinegar of modena (sea salt, balsamic vinegar of modena potato maltodextrin, sugar, potato starch, acid: citric acid, natural flavourings).",,
139,sauce pimentée à l’ail,https://world.openfoodfacts.org/product/0078895300031,"Water, Sugar, Salt, Oyster Extract 11%, Flavour Enhancer E621, Modified Corn Starch, Wheat Flour, Colour E150c.","Gluten, Molluscs","shellfish, wheat"
140,CHOLULA HOT SAUCE,https://world.openfoodfacts.org/product/0049733830119,"WATER, SUGAR, DRIED CHILI PEPPERS (4.0%) (CHIPOTLE, GUAJILLO, ARBOL & PIQUN), SALT, VINEGAR BLEND (SPIRIT VINEGAR, CIDER VINEGAR), SMOKE FLAVOURINGS, SPICES, STABILISER (XANTHAN GUM), ACID (CITRIC ACID), COLOUR (E150d)",,
141,Organic Baked Beans,https://world.openfoodfacts.org/product/5052910706706,"Organic Haricot Beans (53%), Organic Tomato Purée (21%), Water , Organic Sugar, Organic Maize Starch, Salt , Organic Onion Powder, Organic Rice Flour, Acidity Regulator (Citric Acid), Organic Paprika, Organic Chilli Powder, Organic Garlic Powder.",,wheat
142,Juicy Oranges Whole Fruit Squash,https://world.openfoodfacts.org/product/5023762000137,"Water, Cane Sugar, Whole Oranges (11%), Citric Acid, Orange Oil.",,
143,Milk Chocolate Large Bar,https://world.openfoodfacts.org/product/7622210496645,"sugar, whole milk powder, cocoa butter, cocoa mass, honey (3,0%), milk fat, almonds (1,6%), emulsifier (soya lecithin), egg white, flavouring, milk chocolate: cocoa solids 28% minimum, milk solids 14% minimum,","Eggs, Milk, Nuts, Soybeans","egg, milk, soy, tree nut"
144,Rosii Cirio Diced Tomatoes,https://world.openfoodfacts.org/product/8000320010118,"chopped tomatoes, tomato paste, salt, acidity regulator: citric acid,",,
145,Organic Creamy Peanut Butter,https://world.openfoodfacts.org/product/0096619555505,"Dry roasted organic peanuts, sea salt",Peanuts,peanut
146,Velouté de légumes,https://world.openfoodfacts.org/product/3036811460259,"water, carrot 26%, leek 10%, onion 5.7%, potato 5.7%, tomato puree 2.1%, pumpkin, celeriac, cooking butter, fresh cream, salt, natural pepper extract,","Celery, Gluten, Milk","milk, wheat"
147,Bagels Everything,https://world.openfoodfacts.org/product/0048121253196,"ENRICHED WHEAT FLOUR (FLOUR, MALTED LEY FLOUR, REDUCED IRON, NIACIN, THIAMIN MONONTRATE (VITAMIN B1), RIBOFLAVIN (VITAMIN B2), FOLIC ACID, WATER, SUGAR, SUNFLOWER SEEDS, YEAST, WHEAT GLUTEN, SESAME SEEDS, ONION, SALT, CORNMEAL, CALCIUM PROPIONATE, SORBIC ACID, POPPY SEEDS, MONO AND DIGLYCERIDES, GARLIC, CITRIC ACID, GUAR GUM, MALTODEXTRIN, soybean OIL, CELLULOSE GUM, CORNSTARCH, ALGIN, SOY LECITHIN.","Gluten, Sesame Seeds, Soybeans","sesame, soy, wheat"
148,PEANUT BUTTER CREAMY,https://world.openfoodfacts.org/product/0037600110754,"roasted peanuts, sugar, hydrogenated vegetable oil (cottonseed, soybean and rapeseed oil) to prevent separation, salt.","Peanuts, Soybeans","peanut, soy"
149,Fruit & Seed Oatcakes,https://world.openfoodfacts.org/product/0612322000202,"Wholegrain Oats (68%), Currants (12%) (Currants, Sunflower Oil), Brown Sugar, Sustainable Palm Fruit Oil, Brown Flaxseeds (6%), Raising Agent: Sodium Bicarbonate, Sea Salt.",Gluten,wheat
150,Organic Quinoa & Brown Rice with Garlic,https://world.openfoodfacts.org/product/0748404287947,"WATER, WHOLE GRAIN BROWN RICE, BLEND OF WHOLE GRAIN QUINOA (WHOLE GRAIN RED QUINOA, WHOLE GRAIN BLACK QUINOA), SUNFLOWER OIL, SEA SALT, GARLIC POWDER, DEHYDRATED GARLIC, ONION POWDER, MINCED GARLIC, PARSLEY, BLACK PEPPER",,
151,Smoked Trout Fillets,https://world.openfoodfacts.org/product/00444057,"trout fillets, canola oil, salt, hardwood smoke may contain traces of milk, egg, soy, wheat, herring, tuna, lobster.","Crustaceans, Fish","egg, fish, milk, shellfish, soy, wheat"
152,Marinated King Prawns,https://world.openfoodfacts.org/product/00699891,King Prawns (Crustacean) (58%). Sweet Chilli Dipping Sauce (36%) (Sugar Water Rice Wine Vinegar Red Chillies Garlic Purée Cornflour Ground Paprika Salt). Salt. Coriander Ginger Purée Red Chillies Rapeseed Oil Sugar. Red Bell Peppers Ground Paprika Cornflour Cracked Black Pepper Garlic Purée. .,Crustaceans,shellfish
153,Granola L'Original,https://world.openfoodfacts.org/product/7622210601988,"wheat flour 48%, milk chocolate 27% sugar, cocoa mass, cocoa butter, whey powder (from milk), skimmed milk powder, vegetable fats (palm, shea in varying proportions), concentrated butter, emulsifiers (soy lecithins, e476), lactose (milk), aromamel, vegetable oils (palm, copra), sugar, sugar syrup, wheat bran, baking powder (sodium carbonates, ammonium carbonates), salt, wheat germ, acidity regulator (citric acid), may contain eggs, nuts, sesame,","Gluten, Milk, Soybeans","egg, milk, sesame, soy, tree nut, wheat"
154,BEANZ In a rich tomato sauce NO ADDED SUGAR,https://world.openfoodfacts.org/product/5000157078773,"Beans (50%), Tomatoes (37%), Water, Modified Cornflour, Spirit Vinegar, Salt, Natural Flavouring, Spice Extracts, Sweetener - Steviol Glycosides, Herb Extract. Contains naturally occuring sugars.",,
155,Peanut Butter,https://world.openfoodfacts.org/product/0037600106252,"ROASTED PEANUTS, SUGAR, HYDROGENATED VEGETABLE OIL (COTTONSEED, SOYBEAN AND RAPESEED OIL) TO PREVENT SEPARATION, SALT.","Peanuts, Soybeans","peanut, soy"
156,Beanz in a rich tomato sauce,https://world.openfoodfacts.org/product/5000157024855,"Beans (50%), Tomatoes (36%), Water, Sugar, Spirit Vinegar, Modified Cornflour, Salt, Spice Extracts, Herb Extract",,
157,Unsalted Mixed Nuts,https://world.openfoodfacts.org/product/0096619885718,"Cashews, Almonds, Pistachios, Pecans, Highly refined peanut oil. May contain: Peanuts, Other tree nuts, Milk, Sesame, Soy, Wheat, Mustard, Sulfites.",Nuts,"milk, peanut, sesame, soy, tree nut, wheat"
158,Raw kimchi,https://world.openfoodfacts.org/product/5010292961182,"Chinese Leaf Cabbage, Carrots, Spring Onion, Sea Salt, Chilli Powder, Ginger, Garlic.",,
159,Thon entier au naturel,https://world.openfoodfacts.org/product/20403027,"tuna, water, table salt",Fish,fish
160,Premium Oyster Sauce,https://world.openfoodfacts.org/product/0078895100013,"Oyster Extract 40% [ Oysters ( Molluscs ) 90%, Water, Salt], Sugar, Water, Salt, Modified Corn Starch, Wheat Flour, Colour (Plain Caramel), Yeast Extract (Yeast Extract, Salt), Flavour Enhancers (Disodium Inosinate, Disodium Guanylate).","Gluten, Molluscs","shellfish, wheat"
161,Tilda Steamed Brown Basmati Rice,https://world.openfoodfacts.org/product/5011157888132,"Natural Basmati Rice - Cooked (98%), Rice Bran Oil, Salt.",,
162,Geeta's Mango Chutney imp,https://world.openfoodfacts.org/product/5021185201223,"Mangoes (56%), Sugar, salt, Acidity Regulator : Acetic Acid, Whole Baby Garlic Cloves, Cumin Seeds, Mixed Spices, Fenugreek Seeds, Nigella Seeds, Black Peppercorns, cardamom pods, Whole clove, herb.",,
163,Peanut Butter Pretzels,https://world.openfoodfacts.org/product/0096619336753,"Enriched Wheat Flour (Wheat Flour, Niacin, Reduced Iron, Thiamin Mononitrate, Riboflavin, Folic Acid), Peanut Butter (Valencia Peanuts, Molasses, Mono - and diglycerides), Salt, Soybean Oil, Corn Syrup, Barley Malt Extract.","Gluten, Peanuts, Soybeans","milk, peanut, soy, wheat"
164,"Toasted Muesli Almond, Cashew & Chia",https://world.openfoodfacts.org/product/9326666610447,"Whole Grains (68%) [Oats, Barley, Wheat, Triticale (Wheat, Rye)], Golden Syrup, Nuts [Almond (4%), Cashew (2%)], Seeds [Pepita (2%), Sunflower (2%), Chia (2%)], Honey, Sunflower Oil, Natural Flavour, Cinnamon (0.5%), Antioxidant (Vitamin E). CONTAINS: WHEAT, GLUTEN, ALMOND, CASHEW. MAY CONTAIN: BRAZIL NUT, HAZELNUT, MACADAMIA, PECAN, PINE NUT, PISTACHIO, WALNUT, LUPIN, MILK, PEANUT, SESAME, SOY.","Gluten, Lupin, Milk, Nuts, Peanuts, Sesame Seeds","milk, peanut, sesame, soy, tree nut, wheat"
165,Barbecue Sauce,https://world.openfoodfacts.org/product/0013409451328,"HIGH FRUCTOSE CORN SYRUP, DISTILLED VINEGAR, TOMATO PASTE, MODIFIED FOOD STARCH, CONTAINS LESS THAN 2% OF: SALT, PINEAPPLE JUICE CONCENTRATE, NATURAL SMOKE FLAVOR, SPICES, CARAMEL COLOR, SODIUM BENZOATE AS A PRESERVATIVE, MOLASSES, CORN SYRUP, GALRIC , SUGAR , TAMARIND, NATURAL FLAVOR.",Celery,
166,Gewürzgurken,https://world.openfoodfacts.org/product/20004330,"Cucumbers, water, vinegar, sugar, salt, mustard seeds, dill, onions, red paprika, black peppercorns",Mustard,
167,Blueberry,https://world.openfoodfacts.org/product/0857777004195,"Dates, egg whites, almonds, cashews, blueberries, natural blueberry flavor.","Eggs, Nuts","egg, tree nut"
168,"coca cola 0,5",https://world.openfoodfacts.org/product/54491472,"water, fructose-glucose syrup, carbon dioxide, colorant: e150d, acid: phosphoric acid, natural flavors, caffeine flavoring,",,
169,uht jaouda 1L,https://world.openfoodfacts.org/product/6111242101180,whole milk,Milk,milk
170,BEANZ In a rich tomato sauce,https://world.openfoodfacts.org/product/5000157024671,"Beans (50%), Tomatoes (36%), Water, Sugar, Modified Cornflour, Salt, Spice Extracts , Herb Extract",,
171,Shrimp,https://world.openfoodfacts.org/product/0096619187119,"Shrimp, Water and Salt., Shrimp.",Crustaceans,shellfish
172,Barista edition oat drink,https://world.openfoodfacts.org/product/7394376620157,"water, oats 10%, rapeseed oil, acidity regulator (dipotassium phosphate), minerals (calcium carbonate, potassium iodide), salt, vitamins (d2, riboflavin, b12),",Gluten,wheat
173,Seabrook sea salt,https://world.openfoodfacts.org/product/5016451062110,"potatoes, sunflower oil (30%), sea salt",,
174,"Erdnussbutter, creamy",https://world.openfoodfacts.org/product/20166076,"roasted peanut kernels 90.9%, sugar, fully hydrogenated rapeseed oil, table salt,",Peanuts,peanut
175,Snickers,https://world.openfoodfacts.org/product/5000159461122,"Milk Chocolate (sugar, cocoa butter, chocolate, skim milk, lactose, milkfat, soy lecithin), peanuts, corn syrup, sugar, palm oil, skim milk, lactose, salt, egg whites, artificial flavor.","Eggs, Milk, Peanuts, Soybeans","egg, milk, peanut, soy"
176,Jasons Sourdough,https://world.openfoodfacts.org/product/5025125000129,"Wheat Flour (Wheat Flour, Calcium Carbonate, Iron, Niacin, Thiamin), Water, Wholemeal Spelt (Wheat) Flour, Sprouted Spelt (Wheat) Grains (5%), Rye Flour, Salt, Fermented Wheat Flour.",Gluten,wheat
177,Real Mayonnaise,https://world.openfoodfacts.org/product/0048001265745,"soybean oil, water, whole eggs and egg yolks, distilled vinegar, salt, sugar, lemon juice concentrate, calcium disodium EDTA, natural flavors","Eggs, Soybeans","egg, soy"
178,Roasted Cashew-Peanut-Mix Honey & Salt,https://world.openfoodfacts.org/product/20333737,"33% cashews , 32% peanut kernels , sugar, 3% honey, vegetable oils (sunflower, oil palm), gelling agent: gum arabic, 0,8% table salt, glucose syrup, dye: ammonia sugar caramel,","Nuts, Peanuts","peanut, tree nut"
179,Veg crisps,https://world.openfoodfacts.org/product/5056051802419,"Mixed root vegetables in variable proportions 61% (parsnip, beetroot and carrot), sunflower oil, sea salt",,
180,Panda Brand Oyster Flavoured Sauce,https://world.openfoodfacts.org/product/0078895300024,"Water, sugar, salt, oyster extract 11% [oysters (molluscs) 90%, water, salt], salt, modified corn starch, flavour enhancer E621, wheat flour, colour E150a","Gluten, Molluscs","shellfish, wheat"
181,Peanut Butter,https://world.openfoodfacts.org/product/0051500240946,"ROASTED PEANUTS, SUGAR, CONTAINS 2% OR LESS OF: MOLASSES, FULLY HYDROGENATED VEGETABLE OILS (RAPESEED AND SOYBEAN), MONO AND DIGLYCERIDES, SALT.","Peanuts, Soybeans","peanut, soy"
182,Milk Chocolate Bar,https://world.openfoodfacts.org/product/7614500035788,"sugar, whole milk powder, cocoa butter, cocoa mass, honey (3,0%), milk fat, almonds (1,6%), emulsifier (soya lecithin), egg white, flavouring, milk chocolate: cocoa solids 28% minimum, milk solids 14% minimum,","Eggs, Milk, Nuts, Soybeans","egg, milk, soy, tree nut"
183,Kinder Chocolate,https://world.openfoodfacts.org/product/80177616,"Fine milk chocolate 40% (sugar, milk powder, cocoa butter, cocoa mass, emulsifier (lecithins ( soya )), vanillin), sugar, skimmed milk powder, palm oil, concentrated butter , emulsifier (lecithins ( soya )), vanillin.","Milk, Soybeans","milk, soy"
184,PUMPKIN SEED + FLAX GRANOLA,https://world.openfoodfacts.org/product/0058449770565,"Whole grain rolled oats , cane sugar, soy oil , brown rice flour pumpkin seeds, flax seeds oat syrup solids [oat syrup solids , tocopherols (added to enhance freshness)], sea salt, molasses , cinnamon . Organic. Contains soy. Produced in a facility that uses wheat, peanuts and tree nuts. VEGAN Contains 700 mg of ALA per serving, which is 44% of the 1.6 g Daily Value for ALA.","Gluten, Nuts, Peanuts, Soybeans","peanut, soy, tree nut, wheat"
185,Tiptree tomato ketchup,https://world.openfoodfacts.org/product/0043647868039,"Tomatoes, Sugar, Wine Vinegar, Lemon Juice, Salt, Spices.",,
186,Ramen Noodle Soup,https://world.openfoodfacts.org/product/0041789002113,"ENRICHED WHEAT FLOUR (WHEAT FLOUR, NIACIN, REDUCED IRON, THIAMINE MONONITRAT RIBOFLAVIN, FOLIC ACID), VEGETABLE OIL (CONTAINS ONE OR MORE OF THE FOLLOWING: CANOLA PRESERVED BY TBHQ, CONTAINS LESS THAN 1% OF: SALT, POTASSIUM CARBONATE, SOY SAUCE (WATER, WHEAT, SOYBEAN, SALT), SODIUM CARBONATE, SODIUM HEXAMETAPHOSPHATE, SODIUM TRIPOLYPHOSPHATE, SOUP BASE INGREDIENTS: SALT, SUGAR, CONTAINS LESS THAN 1% OF: MONOSODIUM GLUTAMATE, MALTODEXTRIN, SPICES (CELERY SEED), HYDROLYZED CORN PROTEIN, HYDROLYZED WHEAT PROTEIN, HYDROLYZED SO NATURAL FLAVORS, DEHYDRATED VEGETABLES (CHIVE, GARLIC, ONION), DISODIUM GUANYLATE, DISOCIUM KNOSINATE YEAST EXTRACT. VEGETABLE OIL (PALM), LACTOSE, POWDERED COCKED CHICKEN CONTAINS WHEAT, SOY AND EILE INGREDIENTS. MANUFACTURED IN A FACILITY THAT AI SO PROCESSES CRUSTACEAN SHELLFISH AND SESAME PRODUCTS. CONTAINS A BIOENGINEERED FOOD INGRED ially","Celery, Gluten, Milk, Soybeans","milk, sesame, shellfish, soy, wheat"
187,Almond Flour Crackers,https://world.openfoodfacts.org/product/0856069005957,"Nut & Seed Flour Blend (almonds, sunflower seeds, flax seeds), Tapioca Starch, Cassava Flour, Organic Sunflower Oil, Sea Salt, Organic Onion, Organic Garlic, Rosemary Extract.",Nuts,"tree nut, wheat"
188,Big Mac,https://world.openfoodfacts.org/product/2000000002603,"bread (e932a, e471, e282, e281), sesame seeds, ground steaks (beef), salad, onion, pickle (e520, e433), processed cheese (cheddar 51%, water, cheese (9%), skimmed milk powder, butter, melting salts (e331, e330, e338, e450), milk proteins, natural flavours, salt, colours (beta carotene, paprika extract), anti-caking agent (sunflower lecithin) sauce (water, rapeseed oil, alcohol vinegar, pickles, glucose-fructose syrup, sugar, modified corn starch, egg yolk, mustard (water, vinegar, mustard seeds, salt, mustard bran, sugar, caramel, turmeric), spices (including mustard), cooking salt, thickener (e415), natural flavours, yeast extract, firming (e509, e15, e433, e211,edta) in unknown quantities: sulphur dioxide and sulphites, gluten (wheat), gluten (soy), sesame seed, milk, eggs, mustard","Eggs, Gluten, Milk, Mustard, Sesame Seeds, Soybeans, Sulphur Dioxide And Sulphites","egg, milk, sesame, soy, wheat"
189,Napolitain l'Original,https://world.openfoodfacts.org/product/3017760290692,"wheat flour 24.4%, sugar, palm oil, glucose-fructose syrup, chocolate powder 6.7% (sugar, cocoa powder), eggs, stabilizer (glycerol), whey powder (milk), margarine (palm oil, water, rapeseed oil, emulsifier (e471), acidity corrector (sodium citrate), acidifier (citric acid), dye (beta-carotene)), glucose syrup, aromas (contains alcohol), lean cocoa powder, , shea butter, salt, emulsifiers (e472b, e472a, soy lecithin), skimmed milk powder, pastry butter, preservative (potassium sorbate), sunflower oil, dye (e160a)","Eggs, Gluten, Milk, Soybeans","egg, milk, soy, wheat"
190,COCA COLA PET 1.25L CT,https://world.openfoodfacts.org/product/5449000267412,"carbonated water, sugar, coloring: e150d, acidifier, phosphoric acid, natural flavourings including caffeine,",,
191,AnSungTangMyun Noodle,https://world.openfoodfacts.org/product/8801043157735,"noodles 90%: wheat flour, potato starch, palm oil, rice flour, wheat gluten, salt, acidity regulators e501, e500, e339, antioxidant: e306, emulsifier e322 (contains soy), thickener: e412, seasoning agent (maltodextrin, garlic extract), green tea extract, colour: e101, seasoning powder 10%: condiments (hydrolyzed vegetable protein (soy, wheat), maltodextrin, salt, yeast extract, black pepper, shiitake), salt, sugar, condiments (red chillies, garlic, rice bran oil, black pepper), dried seaweed, flavour enhancer: e631, e627, red chillies, colour: e150c, may contain barley, crustaceans, eggs, fish, peanuts, milk, celery, mustard, sesame seeds and molluscs,","Celery, Crustaceans, Eggs, Fish, Gluten, Milk, Mustard, Peanuts, Soybeans","egg, fish, milk, peanut, sesame, shellfish, soy, wheat"
192,organic supergreens fruits & vegetables,https://world.openfoodfacts.org/product/0860002992570,"Organic Gum Acacia, Organic Ground Rice Hulls, Organic Inulin, Gut Health, Organic Prebiotic & Probiotics Blend (L. rhamnosus, L. plantarum, P. acidilactici, L. acidophilus, L. gasseri, B. longum, B. lactis), Organic Spirulina (Whole Plant) Powder, Organic Spinach (Leaf and Stalk) Powder, Organic Wheatgrass (Leaf and Stem) Powder, Organic Barley Grass (Leaf and Stem) Powder, Organic Oat Grass (Leaf and Stem) Powder, Organic Alfalfa Grass (Leaf and Stem) Powder, Organic Kale (Leaf and Stalk) Powder, Organic, Berry Antioxidant Blend [Organic Pomegranate Juice Powder, Organic Acai Juice Powder, Organic Goji Juice Powder, Organic Grape Juice Powder, Organic Amla Fruit Powder, Organic Cranberry Powder, Organic Aronia Powder, Organic Sea Buckthorn Juice Powder, Organic Camu Camu Powder, Organic Acerola Juice Powder, Organic Maqui Berry], Organic Carrot (Whole Taproot) Powder, Organic Cauliflower (Flower & Stem) Powder, Organic Chlorella (Whole Plant) Powder, Organic Garlic (Bulb) Powder, Organic Moringa (Leaf) Powder, Organic Onion (Root Bulb) Powder, Organic Parsley (Leaf) Powder, Organic Quinoa (Grain) Powder, Organic Hebridean Seaweed (Thallus) Powder, Organic Protein Blend [Organic Brown Rice Powder, Organic Pea Protein Powder, Organic Sacha Inchi Powder, Organic Pumpkin Seed Protein Powder], Organic Ashwagandha (Root) Powder, Organic Ginger Root (Rhizome) Powder, Organic Cinnamon (Bark) Powder, Organic Cocoa Powder Alkalized, Organic Defatted Flax Seed (Hull) Powder, Organic Maca (Root) Powder, Organic Shatavari (Root) Powder, Organic Green Tea (Leaf) Extract, Organic Sea Veggie Blend (Laminaria hyperborea, Ascophyllum nodosum, Laminaria digitata) (Whole Thallus), Organic Broccoli (Floret and Stalk) Powder, Organic Green, Cabbage (Leaf) Powder, Organic, Organic Celery (Leaf & Stalk) Powder, Organic Green Bell Pepper (Fruit) Powder, Organic Coconut Water Powder, Organic Lemon Juice Powder, Organic Mushroom Blend [Organic Cordyceps (Cordyceps militaris), Organic Cordyceps (Cordyceps sinensis), Organic Reshi (Ganoderma lucidum), Organic Maitake (Grifola frondosa), Organic Lion's Mane (Hericium erinaceus), Organic Chaga (Inonotus obliquus), Organic Shiitake (Lentinula edodes), Organic Oyster (Pleurotus ostreatus), Organic Turkey Tail (Trametes versicolor), Organic Snow Fungus (Tremella fuciformis), Organic White Button (Agaricus bisporus), Organic King Oyster (Pleurotus eryngii)], Enzyme Blend (Cellulase, Amylase, Protease), Organic natural flavors, Citric Acid, Organic Stevia extract","Celery, Molluscs","shellfish, tree nut"
193,Tesco Spicy Bean with Cheese Wrap,https://world.openfoodfacts.org/product/03275771,"Wheat Flour [Wheat Flour, Calcium Carbonate, Iron, Niacin, Thiamin], Water, Black Turtle Beans (10%), Borlotti Beans (10%), Medium Fat Soft Cheese (Milk), Lettuce, Mild Cheddar Cheese (With Colour: Beta Carotene) (Milk), Red Pepper, Tomato Paste, Rapeseed Oil, Palm Oil, White Wine Vinegar, Onion, Herbs, Sugar, Tomato Powder, Cornflour, Humectant (Glycerol), Spices, Salt, Pasteurised Egg Yolk, Tomato, Bell Pepper Powder, Potato Starch, Red Chilli Purée, Wheat Fibre, Spirit Vinegar, Garlic Purée, Concentrated Lemon Juice, Garlic Powder, Onion Powder, Mustard Flour, Black Pepper.","Eggs, Gluten, Milk, Mustard","egg, milk, wheat"
194,Alaska Salmon Burgers,https://world.openfoodfacts.org/product/0028029088816,"Pink And/or Keta Salmon, Vegetable Oil (soybean And/or Canola), Water, Contains 2% Or Less Of: Ground Onion, Salt, Potato Extract, Garlic Powder, Mustard Flour, White Pepper, Beet Juice (color), Annatto (color), Rosemary Extract, Mesquite Smoke Flavor, Lemon Juice From Concentrate.","Mustard, Soybeans","fish, soy, wheat"
195,Buldak Original,https://world.openfoodfacts.org/product/8801073110502,"Noodle [Wheat flour, Food Starch Modified, Palm Oil, 2% Wheat gluten, Salt, Glycerin, Soy Lecithin, Polyglycerol Esters of Fatty Acids, Potassium Carbonate, Sodium Carbonate, Sodium Phosphate Dibasic, Guar Gum, Tocopherols, Riboflavin (Color)], Sauce [Water, Artificial Chicken Flavor Powder (Artificial Flavor, Dextrin, Wheat Starch, Sugar, Salt, Yeast Extract, Natural Flavor, Disodium 5'-Ribonucleotide, Maltodextrin, Corn Starch), Soy Sauce Seasoning (Soybeans, Water, Salt, Wheat, Sodium Carbonate, High Fructose Corn Syrup, Disodium 5'-Ribonucleotide, Garlic, Steviol Glycoside, Maltodextrin, Sugar), Sugar, Hot Pepper Seasoning (Red Pepper, Dextrin, Salt, Sugar, Onion Powder, Artificial Flavor, Garlic Powder, Silicon Dioxide, Soy Sauce (Water, Soybeans, Wheat, Salt), Capsicum Oleoresin, Paprika Oleoresin, Monosodium Glutamate, Disodium Inosinate, Disodium Guanylate), Soybean Oil, Onion, Red Pepper Seed Oil, 2% Garlic, Food Starch Modified, Capsicum Oleoresin, Paprika Oleoresin, Black Pepper Powder, Natural and Artificial Curry Flavor (Cumin, Salt, Maltodextrin, Artificial Flavor)], Flake [Sesame, Dried Seaweed].","Gluten, Sesame Seeds, Soybeans","sesame, soy, wheat"
196,Mae ploy Red curry paste 400g,https://world.openfoodfacts.org/product/0044738102346,"Dried red chili, garlic, lemongrass, salt, shallot, galangal, shrimp paste (shrimp, salt), kaffir lime peel, pepper.",Crustaceans,shellfish
197,Artesano bakery bread,https://world.openfoodfacts.org/product/0072945612419,"ENRICHED WHEAT FLOUR (FLOUR, MALTED BARLEY FLOUR, REDUCED IRON, NIACIN, THIAMIN MONONITRATE (VITAMIN B1), RIBOFLAVIN (VITAMIN B2), FOLIC ACID), WATER, SUGAR, YEAST, VEGETABLE OIL (SOYBEAN), WHEAT GLUTEN, SEA SALT, CULTURED WHEAT FLOUR, SOY LECITHIN, CITRIC ACID GRAIN VINEGAR, SESAME SEEDS.","Gluten, Sesame Seeds, Soybeans","sesame, soy, wheat"
198,Sesame crostini crunchy little toasts with bold possibilities,https://world.openfoodfacts.org/product/8710649120909,"Wheat flour, sesame seeds, yeast, salt, malt (barley), emulsifiers: sodium stearoyl-2-lactylate, soy lecithin.","Gluten, Sesame Seeds, Soybeans","sesame, soy, wheat"
199,REAL MAYONNAISE,https://world.openfoodfacts.org/product/0048001213487,"soybean oil, water, whole eggs and egg yolks (whole eggs and egg yolks), vinegar, salt, sugar, lemon juice concentrate, calcium disodium edta (used to protect quality), natural flavors,","Eggs, Soybeans","egg, soy"
200,Coke Zero,https://world.openfoodfacts.org/product/5449000214799,"carbonated water, colouring (e150d), acidifier (phosphoric acid), sweeteners (aspartame, acesulfame-k), natural flavors, caffeine aroma, acidity regulator (sodium citrates)",,
